{
  "RMSE": 9084.758838981597,
  "MAE": 3742.745880899549,
  "R2": 0.7336611423532955
}