{
  "lr": 0.003137724650843415,
  "dropout": 0.051050143719200164,
  "h1": 256,
  "h2": 128,
  "batch_size": 8,
  "epochs": 192,
  "patience": 29
}