{
  "RMSE": 9936.409032489208,
  "MAE": 3985.4032472368967,
  "R2": 0.6813846843482354
}