{
  "RMSE": 665.3061761615982,
  "MAE": 187.7907337328839,
  "R2": 0.3980145385908641
}